image_id,complexity,# of SAM segmentations,# of FC-CLIP classes,symmetry,clutter,IC9600,MSG,edge density,MUC0,MUC1,MUC2,MUC3,MUC4,MUC5,MUC6,MUC7,MUC8,gemini surprise score,AMNet memorability,M1,M2,M3,M4,M5,M6,M7,M9,M10,M11
0.jpg,0.29,107,10,0.8705368215253401,24,0.4469583928585052,0.26816395,0.0398330688476562,1.0,7.4,28.6,110.6,472.6,2104.5,8734.1,27619.4,42267.7,35,0.7396346,0.165351,0.9636071,0.1746745,0.9435355,0.4490196,0.04184723,0.1354582,0.6509355,583,-0.663298
1.jpg,0.42,35,6,0.8459169846775744,37,0.5402954816818237,0.33578184,0.0775833129882812,1.0,8.0,39.2,188.5,969.8,4843.1,20228.5,60342.2,87280.8,75,0.6719062,0.2919801,0.9566355,0.09892197,0.8772724,0.4543081,0.0634613,0.2124354,0.5170581,1152,-0.671341
2.jpg,0.68,215,39,0.7655156312647087,53,0.7246630787849426,0.58692497,0.1574824990849194,1.0,8.0,34.3,146.3,669.5,3071.1,12116.0,34978.2,52579.8,65,0.71812814,0.8631495,0.9111372,0.07242171,0.8009436,0.4627451,0.1674597,0.2528434,0.2161657,866,-0.522875
3.jpg,0.39,164,7,0.8292410154101176,44,0.5442028045654297,0.38503733,0.0647591050512445,1.0,7.7,28.3,111.4,479.2,1971.8,7213.8,21617.4,33833.0,35,0.7676656,0.3431572,0.9668404,0.1126922,0.914148,0.4392157,0.06300043,0.1509854,0.1662687,609,-0.990462
4.jpg,0.76,246,16,0.8459274127751061,44,0.6531452536582947,0.33291185,0.0750022877013177,1.0,8.0,42.9,211.3,1013.7,4095.8,13345.2,32241.1,44764.2,10,0.66098535,0.2145602,0.953444,0.2035263,0.9343985,0.4235294,0.0483763,0.1531702,0.2215219,1407,-0.885412
5.jpg,0.41,170,12,0.7889863399420518,2,0.5831083059310913,0.4945136,0.1051084370424597,1.0,8.0,28.0,104.3,453.7,2175.1,9859.9,33836.0,50896.6,20,0.665031,0.7525316,0.9088033,0.0905821,0.8246312,0.4627451,0.1137016,0.2279246,0.1746535,583,-0.728163
6.jpg,0.39,72,7,0.8468151535385071,21,0.5332568287849426,0.32993472,0.0625513304862023,1.0,4.0,11.4,22.7,56.8,186.0,714.8,2675.6,5654.8,30,0.575364,0.3016527,0.96446,0.1081189,0.9018706,0.4485488,0.06617783,0.1575179,0.06758112,66,0.850314
7.jpg,0.4,130,10,0.807747726925709,38,0.517940878868103,0.4545017,0.12408203125,1.0,8.0,29.2,120.8,576.3,2829.0,12527.6,41466.1,61546.2,10,0.718856,0.3867078,0.952807,0.08014552,0.8570759,0.4142259,0.09644857,0.2062945,0.2992007,697,-0.939405
8.jpg,0.33,166,3,0.9074339571493588,11,0.4966001212596893,0.17310031,0.0479086821933962,1.0,7.7,20.4,58.9,221.2,933.9,4173.1,16078.4,30121.4,55,0.5940983,0.1224364,0.985604,0.2507704,0.9478846,0.4490196,0.03546396,0.1283756,0.2104451,273,-0.343757
9.jpg,0.33,110,6,0.8326593691959835,29,0.457367867231369,0.3690334,0.0972046918523676,1.0,7.8,30.3,120.0,567.9,2770.5,12583.3,41555.7,62213.7,10,0.7475329,0.3927007,0.8867443,0.1721022,0.8540875,0.4647059,0.1050145,0.2104116,0.5493185,721,-0.0465445
10.jpg,0.52,120,4,0.8539362069379242,36,0.584003210067749,0.30606395,0.0650107521961932,1.0,8.0,33.9,151.8,700.5,3218.5,12539.5,36570.2,53967.6,75,0.80434465,0.1606574,0.9822313,0.1249491,0.9421121,0.4,0.04506772,0.1396356,0.3429717,855,-2.14951
11.jpg,0.37,94,5,0.7481587122160277,70,0.6018836498260498,0.654572,0.1823679606119791,1.0,7.9,34.4,155.5,778.9,4117.4,19991.2,68394.0,98567.1,15,0.63306427,0.9305151,0.9130183,0.0530901,0.7574842,0.4686275,0.1862564,0.330986,0.4073886,932,-0.490587
12.jpg,0.61,135,18,0.8111736509902917,58,0.6102930903434753,0.44981447,0.1102414668740849,1.0,8.0,36.0,179.5,871.9,4087.5,17105.1,54704.2,80259.0,35,0.76915,0.500252,0.9334238,0.06837334,0.823996,0.4588235,0.09755617,0.2504404,0.2981561,1084,-0.210045
13.jpg,0.71,158,25,0.8644143807284372,46,0.6734317541122437,0.27023667,0.0961377142626132,1.0,8.0,42.8,207.1,1074.3,5297.6,21055.9,56358.2,78530.5,75,0.6939513,0.1434571,0.9654033,0.1837101,0.9376925,0.4038961,0.04225875,0.158775,0.5155359,1345,-1.10371
14.jpg,0.44,145,4,0.855208080542647,11,0.5509518384933472,0.29643646,0.0498594945790816,1.0,2.0,4.0,8.0,16.0,32.0,63.8,127.2,253.3,10,0.62358594,0.3273368,0.9820734,0.2189234,0.936876,0.4372549,0.03415478,0.1397024,0.0,16,1.71801
15.jpg,0.34,64,6,0.8430622210409565,4,0.4451729655265808,0.34730962,0.0401005444729136,1.0,7.0,23.4,93.8,390.5,1801.4,8607.0,33001.5,53306.0,30,0.78573424,0.2730471,0.933205,0.1391265,0.885131,0.4205882,0.06168501,0.1825586,0.3814532,465,-0.614885
16.jpg,0.7,206,32,0.7921716520127725,71,0.6506915092468262,0.48664662,0.110940036525974,1.0,8.0,29.2,131.0,591.6,2751.7,11965.8,39697.1,59494.7,45,0.771812,0.4230129,0.9567156,0.08467565,0.8694108,0.4352941,0.08693942,0.1914426,0.1841919,731,-1.01661
17.jpg,0.52,122,18,0.8744107263525088,26,0.5972839593887329,0.2533694,0.0387023083086785,1.0,8.0,31.7,119.5,535.3,2345.8,9175.3,28861.2,44831.3,65,0.6293755,0.2440886,0.9781954,0.1861412,0.9185038,0.4431373,0.06326083,0.1285461,0.1285307,685,-0.602245
18.jpg,0.29,133,3,0.823487678675017,47,0.4923713803291321,0.34514624,0.0773192721932114,1.0,8.0,26.8,95.8,403.7,1838.8,7837.1,24935.5,37232.4,45,0.81417525,0.3097648,0.9773983,0.2380606,0.9269096,0.4149215,0.04510036,0.1354252,0.157897,480,-0.966926
19.jpg,0.27,117,5,0.8855016773672616,19,0.4466169476509094,0.20931543,0.0582553796600877,1.0,7.9,26.6,81.9,304.1,1309.8,5295.6,18687.6,30733.2,20,0.6034326,0.2191166,0.9744311,0.1247062,0.9125366,0.4588235,0.05106822,0.1520503,0.1408812,390,-0.176804
20.jpg,0.46,71,5,0.7705787095483236,33,0.547602117061615,0.5016857,0.1160293512079062,1.0,8.0,29.4,119.0,556.0,2792.1,13013.8,45478.8,68177.4,35,0.7136019,0.7089822,0.9138042,0.07264033,0.8232815,0.4558823,0.1031553,0.2663656,0.2142908,704,-0.218879
21.jpg,0.76,193,43,0.8726569348576634,38,0.6376399993896484,0.24390063,0.0748635230398899,1.0,7.4,36.0,164.4,764.8,3535.9,14059.1,39099.6,55319.8,10,0.6246874,0.1228666,0.9810671,0.2505062,0.9565615,0.3882353,0.03261208,0.136331,0.4731066,939,-0.633185
22.jpg,0.51,149,5,0.7448130037341597,48,0.6152626276016235,0.6300119,0.1764339783031088,1.0,8.0,39.7,171.5,751.3,3336.7,13159.3,39686.5,59233.0,65,0.78708625,0.9545137,0.9313309,0.1446772,0.855713,0.4675325,0.1186321,0.2485798,0.4222921,979,-1.2956
23.jpg,0.47,119,8,0.788030894878943,29,0.6024187207221985,0.47605515,0.1145502726236979,1.0,7.9,26.4,85.1,341.1,1476.1,6086.3,19990.1,31531.2,15,0.67762816,0.4130898,0.9585108,0.1105153,0.8664504,0.4490196,0.09751383,0.2027156,0.1447984,438,0.484923
24.jpg,0.52,215,11,0.8229552611550696,42,0.5541170239448547,0.3978743,0.0891291300455729,1.0,7.2,22.4,68.8,245.9,1011.5,4186.9,14965.7,26579.0,65,0.6864065,0.2649527,0.9779226,0.1148479,0.9118599,0.427451,0.06880442,0.157213,0.1778971,296,-0.811726
25.jpg,0.66,232,9,0.839618381696322,52,0.6608598232269287,0.32637075,0.0862490880350194,1.0,7.4,35.9,157.0,709.9,3115.6,12053.1,37845.2,61237.7,10,0.7238461,0.2278967,0.9571488,0.1382321,0.9213306,0.4235294,0.06017702,0.1859885,0.5526773,919,-0.504906
26.jpg,0.31,117,8,0.8578685865311564,31,0.5625784397125244,0.3125681,0.1047643025716145,1.0,8.0,31.4,128.9,544.6,2507.7,11153.4,37637.1,57359.7,45,0.70330626,0.2772648,0.9499634,0.1460094,0.9065787,0.4470588,0.05088298,0.1559075,0.322379,681,-1.32041
27.jpg,0.57,271,45,0.8308514607843202,44,0.7322323322296143,0.3573597,0.0623226734760051,1.0,8.0,25.1,80.1,318.1,1358.8,5855.8,21418.8,36554.7,35,0.75195086,0.1955002,0.9856294,0.1229208,0.9306458,0.4137255,0.05237212,0.1465587,0.1282734,391,-0.808344
28.jpg,0.73,232,22,0.8038273273079026,58,0.6430625319480896,0.43191767,0.0899781524524158,1.0,7.9,33.1,133.0,551.3,2348.0,9358.5,31427.4,50900.3,35,0.63080835,0.3612845,0.9542652,0.08803631,0.8840925,0.4455882,0.09155095,0.1985372,0.2776739,719,-0.748214
29.jpg,0.65,88,3,0.8506214815938874,33,0.5507568120956421,0.33504498,0.0703404516994633,1.0,8.0,30.3,128.9,590.8,2895.9,12826.5,40256.0,56365.4,15,0.65247405,0.4697756,0.9177437,0.1015693,0.8764118,0.4470588,0.06329313,0.1875338,0.49614,702,-0.907593
30.jpg,0.18,82,3,0.833573155858457,37,0.442162424325943,0.37518668,0.0662104288736979,1.0,7.9,21.4,54.6,183.9,710.5,2784.4,10004.3,18495.5,10,0.7150728,0.3210311,0.9474759,0.09832031,0.8773641,0.4399478,0.07276662,0.1751929,0.1007099,217,-0.303897
31.jpg,0.24,218,4,0.8879065782960168,23,0.4504724144935608,0.2578549,0.0971173696567357,1.0,7.1,19.0,59.9,210.8,857.9,3699.5,15305.5,30107.5,65,0.8199014,0.1613773,0.9252826,0.2268446,0.9320938,0.4294118,0.04446648,0.151508,0.2570668,263,-0.145021
32.jpg,0.35,72,7,0.7453953147984934,58,0.5860882997512817,0.59962267,0.1981889688351498,1.0,7.9,41.0,195.3,1025.6,5449.6,24209.6,71762.5,98801.1,15,0.63298905,1.013219,0.886385,0.04980893,0.7413909,0.472549,0.1601084,0.3209325,0.4482394,1267,-0.0902877
33.jpg,0.26,106,10,0.8785395039915799,21,0.495907574892044,0.22982489,0.1482916590409956,1.0,7.8,24.5,78.6,299.3,1172.4,4159.1,10904.8,16507.3,25,0.73406446,0.2275445,0.9163331,0.4888202,0.942718,0.4411765,0.02961429,0.1221413,0.07733231,393,-0.0919792
34.jpg,0.8,164,22,0.8065532773365972,16,0.6371392607688904,0.41829765,0.0916681918008784,1.0,7.9,40.6,200.0,997.7,4855.4,19230.5,53538.4,76000.4,65,0.75866,0.3658259,0.9603962,0.08194527,0.8798836,0.4058824,0.06984352,0.190311,0.4457904,1207,-1.03518
35.jpg,0.38,133,17,0.877320986299289,25,0.5658959150314331,0.22206312,0.0234912163091309,1.0,8.0,37.6,184.9,927.7,4406.2,16203.7,40422.0,55501.4,45,0.7930721,0.1601304,0.9695591,0.1923997,0.9408213,0.4470588,0.0438411,0.1164226,0.2541329,1157,-0.465112
36.jpg,0.49,214,30,0.8500978812157483,39,0.5963063836097717,0.3129221,0.0579674917642752,1.0,8.0,31.5,123.4,487.2,1963.1,7638.1,24567.9,39196.6,60,0.67465216,0.1388981,0.9857838,0.1146346,0.9459205,0.3882353,0.03986033,0.1368665,0.1828002,621,-0.443599
37.jpg,0.85,397,47,0.7810466421604166,65,0.860198438167572,0.51792073,0.1389414469401041,1.0,8.0,45.9,244.0,1250.0,5977.7,21720.3,55612.9,77182.8,45,0.7116634,0.5740685,0.9232944,0.07944486,0.8354872,0.4588235,0.1050771,0.2344284,0.2951403,1573,-1.12625
38.jpg,0.48,91,11,0.8686180844355128,24,0.5033115744590759,0.26366204,0.0497135416666666,1.0,8.0,34.4,156.5,741.1,3031.4,9936.2,25798.2,37184.1,40,0.69505316,0.2200215,0.9677137,0.1713179,0.9108518,0.4476987,0.03924805,0.1485287,0.4864257,962,-1.64311
39.jpg,0.0,119,4,0.9191199256288396,3,0.4124478101730346,0.1292629,0.0143246165143603,1.0,4.7,13.0,27.4,57.2,138.7,411.5,1193.3,2002.8,55,0.6362918,0.06140216,0.9922378,0.1769861,0.9693227,0.3941177,0.05342026,0.09117813,0.03512679,63,-0.293261
40.jpg,0.62,222,14,0.8255216802177019,63,0.6121951937675476,0.39319286,0.0783194546120058,1.0,8.0,45.2,186.0,880.1,3964.9,15706.4,44405.8,63643.9,45,0.7765279,0.2926795,0.9257805,0.1674687,0.9047223,0.427451,0.09053864,0.1792147,0.3750314,1112,0.0394625
41.jpg,0.69,164,9,0.8043862488601143,52,0.6532151699066162,0.4834001,0.1061389399509804,1.0,8.0,41.8,181.5,819.9,3625.6,13512.6,36754.5,52610.8,45,0.74681324,0.5248615,0.9185197,0.08801007,0.8583233,0.4377049,0.09319789,0.2072621,0.2674323,1062,-0.769765
42.jpg,0.9,247,10,0.8340922242096952,10,0.676710307598114,0.3344218,0.0823029145314787,1.0,7.9,32.2,151.8,763.0,3763.3,16331.0,50571.4,72814.7,75,0.7046188,0.2041357,0.9767312,0.1121565,0.9173448,0.3823529,0.0593058,0.1725422,0.4581607,933,-1.4562
43.jpg,0.31,95,7,0.8625650333247895,35,0.5348109602928162,0.31785485,0.0874302251098096,1.0,8.0,31.0,130.6,579.6,2633.7,11009.6,35659.1,55487.3,10,0.80442476,0.3110681,0.9483592,0.1110706,0.8840107,0.4019608,0.06009505,0.1539833,0.3770603,697,-0.469704
44.jpg,0.22,105,5,0.8374826080288852,38,0.4455181956291199,0.30229363,0.0479788158857979,1.0,8.0,31.3,124.9,532.3,2268.6,8901.3,27531.0,42467.4,25,0.8659576,0.1762251,0.9789667,0.1236977,0.9408463,0.4235294,0.04512205,0.1501647,0.5564857,636,-1.55048
45.jpg,0.23,59,7,0.8891615996000182,17,0.4360288977622986,0.22751029,0.0271907552083333,1.0,7.9,24.6,73.2,253.5,1062.8,4731.7,18724.3,32176.1,75,0.7289519,0.1747946,0.9484412,0.1661929,0.9269584,0.4414226,0.03044271,0.1569868,0.2924373,306,0.722727
46.jpg,0.24,48,11,0.9262453941638408,2,0.3354470133781433,0.10834732,0.0077552846205059,1.0,7.9,25.5,86.3,318.3,1288.1,4349.2,11170.1,17443.1,75,0.76178986,0.05207292,0.965861,0.3795965,0.9787498,0.4117647,0.01325316,0.07659492,0.3958914,415,-0.506066
47.jpg,0.25,94,10,0.8931123904131258,21,0.443182498216629,0.19736615,0.0449247346266471,1.0,8.0,28.5,114.4,510.6,2315.7,9044.3,25140.6,36772.1,25,0.8174594,0.1442983,0.9589688,0.1994403,0.9501947,0.4220588,0.02731515,0.114244,0.4648882,626,-1.4002
48.jpg,0.44,182,6,0.7911314689374939,56,0.5893491506576538,0.5000125,0.0945009822733918,1.0,7.6,29.8,112.5,460.8,2045.3,8643.5,28923.4,46546.7,20,0.63871294,0.4378403,0.950749,0.09532009,0.8678434,0.445098,0.100643,0.2078089,0.5586562,554,-0.151806
49.jpg,0.92,251,27,0.7966579257150155,62,0.7661384344100952,0.47213858,0.1034314825391645,1.0,8.0,40.0,198.0,981.1,4657.9,18784.2,55410.4,78932.4,75,0.6356585,0.4734612,0.9432621,0.1106902,0.8721968,0.447644,0.07965996,0.2126883,0.3559801,1235,-1.69001
50.jpg,0.12,31,2,0.8447194417454438,33,0.4910170435905456,0.3124147,0.139126555636896,1.0,7.4,23.7,85.1,326.8,1397.0,5948.1,20904.2,33693.9,65,0.57190126,0.3727834,0.9345838,0.1621616,0.868578,0.4529412,0.07739294,0.186868,0.2530963,391,-0.473881
51.jpg,0.15,55,5,0.8216645915065625,10,0.4097190797328949,0.3806584,0.1122733691690962,1.0,5.0,22.6,96.1,424.0,2043.7,9730.8,36950.4,61127.4,45,0.71576977,0.4347571,0.9329197,0.09359772,0.829022,0.4647059,0.1575056,0.2576787,0.50764,541,0.99448
52.jpg,0.4,175,7,0.7606528549228372,56,0.6223070621490479,0.5279649,0.0966024709302325,1.0,5.3,13.5,43.6,142.8,569.5,2568.4,11279.3,23376.2,65,0.7509707,0.6303772,0.9349681,0.08486199,0.8562013,0.445098,0.09617854,0.2127655,0.1618124,169,-1.55592
53.jpg,0.19,173,4,0.8485555745070449,35,0.4315993785858154,0.32071435,0.0558023368362831,1.0,7.9,25.7,89.0,335.5,1456.2,6312.7,21820.0,34916.3,65,0.71903175,0.5543566,0.8650898,0.1709712,0.8914198,0.4627451,0.06053823,0.1302868,0.525772,423,0.0541004
54.jpg,0.64,254,26,0.8756460641438988,31,0.6385380625724792,0.2303102,0.035650965409956,1.0,8.0,31.3,142.0,665.7,3058.3,12993.5,42620.6,63169.1,25,0.6949468,0.09619857,0.9814663,0.1718112,0.9562898,0.372549,0.02157016,0.1319203,0.2888831,800,-1.08359
55.jpg,0.41,119,16,0.8945113405870568,23,0.5557926297187805,0.19296116,0.0358182832792207,1.0,7.9,31.5,124.4,575.6,2653.9,10691.6,33582.3,50555.9,65,0.7009833,0.1180028,0.9711265,0.1548675,0.947656,0.4235294,0.03009334,0.1271104,0.3702494,725,-0.901219
56.jpg,0.53,203,14,0.8188779869077308,12,0.5805270075798035,0.3940985,0.0657085010980966,1.0,7.7,26.7,106.1,446.7,1911.7,7327.2,23102.6,36470.1,35,0.75776935,0.2599976,0.9668829,0.1124309,0.9240163,0.4313726,0.06196239,0.1588637,0.1662541,576,-0.72513
57.jpg,0.13,107,3,0.8134885271082163,19,0.4665479063987732,0.38462904,0.0696360270182291,1.0,8.0,22.9,58.4,193.1,793.0,3518.9,14439.3,27772.3,15,0.56481427,0.7086839,0.9064212,0.09908341,0.8348401,0.4784314,0.1079229,0.2400318,0.2354149,235,0.291207
58.jpg,0.23,132,8,0.8283584872459642,2,0.4506060779094696,0.38781208,0.0535718652190923,1.0,8.0,32.5,127.3,527.2,2354.3,9243.6,28636.8,44675.1,10,0.88145876,0.1649442,0.9534087,0.1809602,0.9369285,0.3823529,0.04374205,0.1512434,0.5026667,661,-0.837677
59.jpg,0.43,134,7,0.901534729553772,4,0.469888836145401,0.16164164,0.0170338948567708,1.0,7.9,21.5,61.7,224.8,903.5,3484.5,11335.6,18892.8,35,0.5810126,0.1238974,0.9926028,0.1773487,0.9678706,0.4215686,0.009796143,0.09048801,0.1197409,275,-0.408968
60.jpg,0.11,43,4,0.8303028032299578,17,0.3981078863143921,0.3869604,0.10173828125,1.0,6.9,26.5,101.0,416.0,1809.5,7286.7,21339.8,31613.4,10,0.65267813,0.7815043,0.7896855,0.08832996,0.7817817,0.4707113,0.1736654,0.1944531,0.5895914,520,0.533947
61.jpg,0.33,145,7,0.8789568467209031,26,0.5204892158508301,0.2268348,0.0896750320278184,1.0,7.9,36.2,151.5,633.4,2482.1,8587.0,23345.0,35840.5,10,0.7336836,0.1461837,0.9598768,0.2341031,0.941793,0.4235294,0.02535917,0.1473632,0.2138292,849,-0.949513
62.jpg,0.42,123,3,0.7998485693312781,18,0.5693941712379456,0.49886137,0.2164451409224011,1.0,6.0,25.5,106.8,489.0,2356.1,10551.0,35508.0,57287.4,35,0.7014657,0.796446,0.8446794,0.1001578,0.7928014,0.4617647,0.1026005,0.2526099,0.2537599,598,0.839242
63.jpg,0.4,84,8,0.8880327596398315,23,0.4842820763587951,0.19940451,0.0234127071579689,1.0,7.8,24.7,81.2,298.1,1209.0,4826.6,17217.5,28932.5,15,0.68276894,0.1228041,0.9756492,0.1693404,0.9526946,0.4098039,0.03313701,0.1038728,0.3368472,372,-0.54976
64.jpg,0.82,269,27,0.8125340848525879,73,0.6821288466453552,0.38301992,0.0747423673930921,1.0,8.0,44.9,231.7,1185.0,5463.1,19793.8,51039.4,68781.3,25,0.7767946,0.2446731,0.968631,0.1058356,0.9105743,0.4174918,0.07356985,0.1842823,0.3374373,1485,-0.67315
65.jpg,0.05,285,2,0.8123391328179327,22,0.4805757999420166,0.4052366,0.1319198608398437,1.0,4.0,20.1,68.9,294.0,1362.4,6258.4,24002.0,42632.2,35,0.7048174,0.4551443,0.9374581,0.1201413,0.8395072,0.4588235,0.1329117,0.2353176,0.6026933,371,-0.919161
66.jpg,0.47,161,10,0.8639496207448242,51,0.5223518013954163,0.29765248,0.0574870744875549,1.0,7.9,33.0,141.7,702.0,3541.1,15339.0,47503.3,70133.6,65,0.7501086,0.1905528,0.9467494,0.1576015,0.9188582,0.3803922,0.05070976,0.1632971,0.5916623,844,-1.35612
67.jpg,0.35,105,6,0.8079761311497654,30,0.5833974480628967,0.42378905,0.1620014133165829,1.0,8.0,29.8,101.1,372.9,1621.9,6926.8,26086.7,45329.6,35,0.6599339,0.7294025,0.9232827,0.06370965,0.7924432,0.472549,0.1491442,0.2554872,0.2184599,475,-0.578086
68.jpg,0.4,60,6,0.849632867073466,29,0.4297718405723572,0.30333233,0.0787341004758418,1.0,8.0,27.4,112.8,488.3,2162.0,8542.0,26362.3,40241.1,20,0.70044476,0.3067966,0.9612893,0.1716706,0.8895011,0.4485294,0.08633785,0.1701993,0.4467928,611,-0.224572
69.jpg,0.14,57,5,0.9070911286063772,12,0.4280748963356018,0.17661887,0.0073474702380952,1.0,8.0,30.2,107.8,438.8,1762.3,6375.8,19378.0,31582.4,15,0.65696317,0.0816518,0.9770132,0.2451379,0.9602311,0.4333333,0.01563895,0.128621,0.1777199,539,-0.303709
70.jpg,0.89,468,66,0.7666768977776849,67,0.833686351776123,0.5572014,0.1214912381039531,1.0,8.0,43.6,207.1,1020.4,4726.5,18144.8,54432.4,79423.0,75,0.64787084,0.5147257,0.9377972,0.07896933,0.846832,0.4431373,0.1092435,0.2383766,0.3450647,1322,-1.14583
71.jpg,0.39,93,5,0.892008600299547,8,0.4941143989562988,0.18118554,0.0173543294270833,1.0,8.0,37.2,146.8,652.6,2934.9,10869.1,28738.9,41720.5,10,0.8066486,0.09054147,0.9815816,0.1772295,0.9626603,0.4196078,0.03286489,0.1160999,0.499127,839,-0.0653529
72.jpg,0.19,118,2,0.8200575186393602,59,0.448454737663269,0.33403096,0.0475438435872395,1.0,8.0,39.2,170.5,817.2,3998.8,16840.7,48409.8,67917.7,10,0.6667435,0.1668559,0.9847718,0.195365,0.9384543,0.3666667,0.03877258,0.1437793,0.3148749,1016,0.302076
73.jpg,0.58,176,17,0.8194954937040083,56,0.5681993365287781,0.40209714,0.063558451971214,1.0,8.0,42.4,209.3,1076.1,5094.7,19208.3,49405.9,68451.0,65,0.8048012,0.2020824,0.9778374,0.100666,0.9217933,0.4196078,0.07355385,0.1710382,0.4662163,1351,-0.966728
74.jpg,0.31,119,10,0.8761263102856779,29,0.5121473670005798,0.23501456,0.0996349060457516,1.0,7.7,28.0,101.6,402.8,1745.4,7409.7,26284.7,43594.2,15,0.6832411,0.2131948,0.9106512,0.1931038,0.9188451,0.4490196,0.08896038,0.157021,0.3641053,523,-0.632628
75.jpg,0.37,133,11,0.887925452636968,8,0.4823983311653137,0.19585869,0.0501692898975109,1.0,7.9,21.4,66.0,227.3,906.4,3638.1,12894.2,21784.7,10,0.6151741,0.3495664,0.9660497,0.1356527,0.9148769,0.4686275,0.05708673,0.1337209,0.1007909,286,-0.62483
76.jpg,0.17,46,5,0.8635394756193011,18,0.466550201177597,0.28324097,0.0402203405688622,1.0,4.0,13.2,36.1,125.1,502.9,2243.6,9503.6,19710.9,65,0.658753,0.3748548,0.952027,0.1519028,0.8496954,0.4666667,0.08383234,0.1901525,0.331818,165,1.09706
77.jpg,0.07,29,3,0.9132180518312432,6,0.3782687485218048,0.12030246,0.0260544321895424,1.0,6.9,25.1,89.5,323.3,1163.9,3787.0,9718.6,14196.2,65,0.6707673,0.1199638,0.9675766,0.3051577,0.975305,0.454902,0.01609477,0.08765063,0.4173406,426,-0.238576
78.jpg,0.52,119,4,0.8579281737291146,22,0.5491062998771667,0.29616055,0.0324965681524547,1.0,8.0,27.8,106.1,450.6,2050.8,8885.3,31343.0,51581.8,20,0.6937691,0.2397741,0.9548329,0.1239634,0.9056128,0.4404145,0.04184583,0.1699219,0.2640657,564,-0.683601
79.jpg,0.27,173,9,0.8692373767277064,29,0.5105058550834656,0.26755962,0.062734375,1.0,8.0,33.3,144.7,695.5,3108.6,10664.7,27487.0,40651.1,10,0.69500387,0.1620077,0.9747296,0.1435295,0.9292972,0.4372385,0.05505534,0.1627593,0.253858,873,-1.24693
80.jpg,0.43,169,6,0.7767762618019102,60,0.5374809503555298,0.57970804,0.112709324670571,1.0,7.9,35.0,168.7,938.7,5447.3,27149.2,81949.4,109826.2,20,0.7604724,0.3684992,0.9526036,0.07782332,0.8537496,0.4308824,0.1431157,0.2643086,0.5044827,1093,0.902907
81.jpg,0.78,141,10,0.8350825254529065,38,0.6279334425926208,0.35840693,0.0743179321289062,1.0,8.0,32.8,141.9,657.2,3036.9,11890.6,34537.2,50192.7,10,0.69553864,0.3449366,0.9728708,0.1686947,0.9056631,0.4627451,0.08430735,0.1695023,0.2039429,833,-1.05588
82.jpg,0.17,73,2,0.8883305425847331,5,0.4936748445034027,0.17453863,0.0215730234260614,1.0,8.0,25.0,74.1,225.7,729.9,2409.5,8346.6,15262.6,25,0.7928751,0.1159188,0.9637415,0.2294331,0.945523,0.4019608,0.01877917,0.1098078,0.07021475,295,0.628346
83.jpg,0.14,57,3,0.9049477384417371,1,0.3674512505531311,0.14316092,0.0135975247071742,1.0,6.3,15.3,31.3,85.9,309.6,1237.3,4791.2,9275.1,15,0.7305431,0.07432471,0.9896396,0.1736926,0.9698993,0.4078431,0.02172172,0.07575341,0.09617947,99,-0.214469
84.jpg,0.64,200,14,0.8231640846181915,63,0.6235589981079102,0.3979877,0.0523340608681462,1.0,7.9,33.6,139.9,656.4,3205.3,14097.6,46686.0,69393.8,10,0.7316191,0.2430753,0.9607107,0.117246,0.9076052,0.4175393,0.07029465,0.1641058,0.4705148,800,0.0820575
85.jpg,0.0,105,4,0.8434297453735811,24,0.3916755020618438,0.3442858,0.0735804239908854,1.0,8.0,22.7,77.3,290.4,1238.8,4850.1,15494.0,26218.6,10,0.81456816,0.3302997,0.965324,0.1433919,0.8706959,0.4529412,0.09078979,0.1945546,0.1379735,378,0.86557
86.jpg,0.73,329,15,0.7664101694187052,79,0.5914695262908936,0.53330255,0.1275706235362997,1.0,7.9,36.2,174.8,929.6,5061.8,24275.2,80030.8,114753.0,75,0.83812594,0.4520983,0.9312508,0.08829758,0.8551773,0.4683098,0.1184705,0.2443625,0.7590898,1104,-0.870869
87.jpg,0.12,70,4,0.8835130410528157,1,0.3625831604003906,0.23111537,0.0337600708007812,1.0,5.4,15.9,38.8,132.2,485.3,1980.0,7966.9,16084.1,45,0.5737541,0.1551448,0.9609005,0.1516799,0.9240997,0.4568627,0.09512075,0.1479628,0.2426043,158,0.619483
88.jpg,0.56,129,17,0.8690051958040633,37,0.5255961418151855,0.26121205,0.0426661173502604,1.0,7.5,34.4,146.7,647.5,2944.8,12968.5,43187.0,65245.2,10,0.74482006,0.1398122,0.9790061,0.1243804,0.9463494,0.3942559,0.03667196,0.1365501,0.5761912,812,-0.991265
89.jpg,0.12,56,5,0.8925019519179195,22,0.3673814237117767,0.20141429,0.0224165013227513,1.0,7.3,30.1,115.8,479.6,2132.2,9162.3,30544.4,46568.8,75,0.59794873,0.1580397,0.9638296,0.2171415,0.951183,0.4490196,0.04094535,0.1161796,0.4800473,581,0.141703
90.jpg,0.72,263,6,0.7959731734808376,75,0.6991689801216125,0.47310135,0.1173070271809895,1.0,8.0,34.9,159.9,742.5,3498.3,14427.1,46228.7,72220.2,20,0.76720136,0.3171473,0.9471818,0.1003086,0.8867327,0.4333333,0.1027425,0.2234946,0.5984516,926,-0.821483
91.jpg,0.03,7,2,0.9132124484188612,6,0.2638089060783386,0.14496431,0.000341796875,1.0,4.9,11.8,26.0,70.3,251.8,1078.4,4838.7,11175.0,45,0.62692064,0.04025822,0.9583533,0.3697726,0.9817762,0.3891214,0.056875,0.0986914,0.1218212,87,1.39236
92.jpg,0.4,116,8,0.8080213227427177,62,0.56261146068573,0.41325805,0.0731356534090909,1.0,7.8,33.4,149.2,635.3,2568.4,9534.7,31038.6,50143.9,35,0.81805545,0.2853264,0.9597159,0.1330675,0.9133657,0.4196078,0.0662845,0.1683019,0.2849413,828,-0.884955
93.jpg,0.31,87,4,0.8432266720868661,43,0.4377973973751068,0.32864803,0.0233112582781456,1.0,7.0,21.4,71.4,278.1,1288.4,6001.3,21893.3,35673.6,75,0.80573106,0.1749725,0.9827124,0.3057975,0.9508938,0.3829787,0.03215894,0.1356918,0.166869,323,-1.88391
94.jpg,0.36,137,7,0.8428631707186129,33,0.5226827263832092,0.34312478,0.0673956808199121,1.0,7.7,29.7,115.6,474.5,2078.9,8826.3,29486.9,46492.3,65,0.75840765,0.190991,0.9727397,0.1343997,0.925478,0.4294118,0.05906273,0.1647174,0.2797286,606,-0.501919
95.jpg,0.71,219,32,0.7935919275073745,68,0.6895751357078552,0.49449128,0.1326637994143484,1.0,8.0,48.5,261.3,1274.1,5540.3,20467.3,59358.6,83546.2,35,0.7825004,0.4714763,0.9303038,0.09541552,0.8558521,0.4470588,0.1003901,0.2264967,0.325443,1693,-1.02112
96.jpg,0.56,150,7,0.7451439380402852,44,0.676527202129364,0.58445096,0.168447265625,1.0,8.0,25.3,102.1,441.8,2056.9,8992.3,30964.1,48692.3,35,0.6724948,1.52052,0.825989,0.06769742,0.7643648,0.4769875,0.1329004,0.2829036,0.1692169,555,-1.4198
97.jpg,0.7,274,10,0.7870795827635045,55,0.6917463541030884,0.4852434,0.1575546264648437,1.0,7.9,34.9,164.3,828.7,4047.8,16583.4,49686.8,74214.5,75,0.7441271,0.3203049,0.9452698,0.1853173,0.8956223,0.4509804,0.09192912,0.2477044,0.4780963,1044,-1.05024
98.jpg,0.3,73,4,0.9131601711381396,6,0.3086556792259216,0.14165787,0.0154953002929687,1.0,8.0,27.0,101.0,408.3,1717.1,6558.8,19208.8,28495.2,65,0.74361813,0.08373848,0.9839771,0.1603538,0.9702049,0.4125326,0.02055359,0.08642239,0.3848911,507,0.0296053
99.jpg,0.12,47,4,0.8583355657080135,29,0.4474238157272339,0.28590193,0.0219762307833089,1.0,8.0,27.3,99.1,394.8,1702.4,6518.4,17400.8,25015.5,35,0.810904,0.3690948,0.9571356,0.1416215,0.879591,0.4588235,0.04587127,0.1554055,0.1750415,509,-0.0199024
100.jpg,0.34,98,11,0.7856298384857062,41,0.5056300759315491,0.47951245,0.1082041409297789,1.0,7.9,27.5,116.8,556.9,2798.4,13222.4,45802.7,69585.4,45,0.7250174,0.6204681,0.9022843,0.09013385,0.8268853,0.4607843,0.09140066,0.243758,0.2121657,685,-0.628976
101.jpg,0.78,288,34,0.8105741169760027,7,0.689207136631012,0.435028,0.0653321201091901,1.0,7.9,27.0,91.0,356.0,1499.6,6062.9,21947.8,38503.3,10,0.70793796,0.5121503,0.9410334,0.09428873,0.8814839,0.44375,0.06531102,0.1835749,0.1530187,462,-1.15119
102.jpg,0.39,84,13,0.8457046598770571,37,0.5286402702331543,0.30160183,0.0314644719985358,1.0,8.0,38.0,161.1,718.8,3094.3,12225.8,37241.6,54303.5,75,0.8431998,0.15072,0.9904369,0.1447031,0.9415798,0.3862745,0.02947417,0.1506737,0.2682132,898,-1.1518
103.jpg,0.66,174,14,0.8144541208999702,35,0.5864617824554443,0.4086206,0.0655827191033925,1.0,8.0,39.3,189.7,976.2,4794.7,19221.0,51395.1,68242.5,45,0.7139977,0.4450217,0.9612306,0.1031228,0.8799545,0.4509804,0.08052933,0.200911,0.443997,1219,-0.824885
104.jpg,0.67,230,14,0.838126563806212,59,0.6474570035934448,0.33010566,0.0678469744785949,1.0,8.0,35.7,162.6,755.0,3660.3,16021.2,50504.0,74323.6,35,0.7470323,0.1339715,0.9848418,0.113701,0.9367068,0.3607843,0.0567907,0.1460299,0.7766577,890,-1.13578
105.jpg,0.39,114,9,0.8816787566924118,44,0.4874418973922729,0.2223318,0.0326047099087353,1.0,7.5,32.7,155.3,762.3,3666.9,14498.2,39164.4,55609.4,75,0.74200046,0.1175011,0.984417,0.1339826,0.9550372,0.4058824,0.03878748,0.1192264,0.5830982,958,-0.93934
106.jpg,0.58,272,9,0.8519683746356607,41,0.6836069822311401,0.33123693,0.0443585285505124,1.0,8.0,30.7,124.2,582.3,2984.8,14220.2,49292.7,73026.1,35,0.77339154,0.206258,0.9435485,0.1455702,0.9085597,0.4078431,0.06932307,0.1692556,0.2776838,687,-1.51947
107.jpg,0.55,142,16,0.8041409156931826,53,0.5778833031654358,0.42635846,0.0874216462298682,1.0,8.0,29.9,115.4,537.9,2641.7,12462.6,43417.1,65122.5,15,0.7269619,0.5041325,0.9505191,0.08602792,0.8526631,0.4568627,0.07954624,0.2093838,0.325325,657,-1.09254
108.jpg,0.39,108,13,0.806941438768258,30,0.4908014237880707,0.4000565,0.1404190063476562,1.0,7.9,37.2,152.1,649.1,2868.5,11695.0,37300.1,57296.4,40,0.73584807,0.5449091,0.9302152,0.09569155,0.8347957,0.4647059,0.09957886,0.2256207,0.3072848,822,-0.660448
109.jpg,0.54,190,17,0.8382881769600242,46,0.5815807580947876,0.33733264,0.0486136530014641,1.0,7.9,38.5,160.1,716.3,3176.0,11941.8,33509.1,48832.3,25,0.6533059,0.1718865,0.9836496,0.1258821,0.9378169,0.4098039,0.05610016,0.1452757,0.3967734,908,-0.248939
110.jpg,0.26,273,3,0.8500816883281032,11,0.537882387638092,0.32133722,0.1313501993815104,1.0,2.0,4.0,8.0,15.9,31.3,62.4,124.5,248.6,35,0.7151733,0.4344493,0.9503495,0.3754054,0.914346,0.4666667,0.06797282,0.126269,0.0,16,1.45142
111.jpg,0.39,99,10,0.8893056934579877,1,0.4466283619403839,0.20332281,0.0262771092606149,1.0,8.0,23.2,83.8,332.7,1436.9,6079.3,19730.8,29799.6,20,0.7155195,0.1359312,0.9792058,0.1426327,0.9489838,0.4372549,0.03374359,0.123473,0.2150457,412,-0.737301
112.jpg,0.13,16,3,0.8483090901812375,23,0.3071461617946625,0.27697656,0.0697663113103953,1.0,6.3,21.7,79.2,315.8,1506.7,7159.9,26606.0,42967.7,35,0.79673207,0.3032785,0.9571624,0.1727519,0.9072287,0.4313726,0.05180785,0.1727691,0.4891568,386,1.64846
113.jpg,0.39,170,16,0.8555478476922668,37,0.5418269634246826,0.2998463,0.0560175577799479,1.0,8.0,34.8,135.4,553.4,2331.1,9094.2,27909.8,42174.3,10,0.7726814,0.2028423,0.9776983,0.1308903,0.9329231,0.427451,0.04835002,0.1418525,0.1601615,723,-0.67222
114.jpg,0.36,113,8,0.8354483833428213,26,0.5571842789649963,0.34516641,0.0788913799414348,1.0,7.9,24.0,71.6,290.1,1298.6,6109.8,24174.0,40839.3,85,0.6423336,0.3456602,0.9517772,0.09960788,0.8685929,0.4607843,0.05794175,0.2021985,0.1368983,349,-1.42304
115.jpg,0.75,411,49,0.7699931010671878,73,0.8355059027671814,0.552715,0.1370537186675461,1.0,8.0,49.6,275.5,1546.7,8072.2,30878.9,73858.2,95852.4,35,0.7416998,0.5725314,0.9365726,0.08120839,0.8413125,0.4568627,0.1111761,0.2435944,0.3642321,1913,-0.319293
116.jpg,0.53,142,31,0.850666122599446,36,0.5658056139945984,0.32304823,0.0375951131184895,1.0,8.0,27.2,97.0,373.2,1546.5,6061.6,20194.8,31256.2,70,0.6778993,0.3148213,0.9560155,0.1609186,0.9235177,0.4399478,0.05069987,0.124666,0.1154528,470,-0.238227
117.jpg,1.0,331,34,0.7876823904465171,71,0.7380942106246948,0.5066349,0.1080729166666666,1.0,8.0,39.2,203.4,992.7,4670.5,18827.9,54222.0,76634.2,10,0.7502146,0.4004878,0.9424414,0.1032288,0.8908792,0.4333333,0.09008163,0.2204308,0.5406098,1279,-2.29344
118.jpg,0.19,61,8,0.8567605196305893,36,0.4532915651798248,0.313491,0.0275144499491869,1.0,8.0,29.1,101.5,435.7,2072.8,9898.7,38570.4,63256.1,10,0.76368934,0.1113714,0.9815088,0.1431163,0.9447647,0.3102041,0.05423892,0.1211387,0.2350436,501,-0.572077
119.jpg,0.58,218,26,0.8491865114383307,64,0.6771887540817261,0.34610337,0.0688368055555555,1.0,8.0,29.4,105.1,415.9,1784.1,7390.2,27587.4,46063.9,65,0.710535,0.2462448,0.9550171,0.1233224,0.9033442,0.4393305,0.06438947,0.1736671,0.2194864,503,-0.723208
120.jpg,0.14,46,4,0.8388803269076028,22,0.5012223124504089,0.36463013,0.063671875,1.0,6.8,31.8,127.5,566.5,2594.7,11328.1,39228.5,60249.3,45,0.8386006,0.3155386,0.9227945,0.1078325,0.8594838,0.4435146,0.1338737,0.2192567,0.5599545,719,0.585359
121.jpg,0.49,166,32,0.8499455610661594,44,0.5668908357620239,0.3014921,0.0403548177083333,1.0,8.0,32.5,130.0,592.7,2876.6,12518.9,38045.8,53829.8,10,0.78944856,0.2269268,0.9606599,0.1315549,0.9154011,0.4393305,0.0564095,0.1666417,0.3556222,713,-0.600166
122.jpg,0.68,112,7,0.876635165794534,31,0.5484329462051392,0.23478752,0.0522270698051948,1.0,7.7,29.7,122.9,512.5,2224.7,8715.3,26736.0,41125.0,65,0.77528334,0.1980685,0.9723016,0.2106878,0.9461035,0.4427083,0.03168121,0.1418391,0.2937308,634,-0.635226
123.jpg,0.44,143,12,0.8551336709321619,34,0.5391327738761902,0.29027534,0.0487280380673499,1.0,7.9,26.5,98.8,396.0,1559.5,5562.3,17558.1,29830.6,10,0.7085491,0.200075,0.9799492,0.1160485,0.9230649,0.427451,0.04565966,0.150546,0.2109313,501,-0.376688
124.jpg,0.5,202,14,0.8684586158715075,42,0.5674821734428406,0.25776657,0.0474141438802083,1.0,7.9,31.3,123.3,496.1,1931.9,7310.9,24195.8,40345.7,30,0.79155624,0.1052778,0.9804732,0.1653715,0.9564528,0.3686275,0.0320282,0.124677,0.2987016,619,-1.61755
125.jpg,0.46,164,11,0.8409460091866747,42,0.548188328742981,0.33232385,0.0812915282392026,1.0,7.2,25.3,92.1,391.3,1763.4,7911.8,29157.1,46675.8,65,0.77700895,0.3189801,0.9299222,0.148815,0.9048249,0.4352941,0.05889224,0.1770747,0.3127702,480,-0.0315919
126.jpg,0.71,272,26,0.8091763473103123,62,0.7489289045333862,0.47144166,0.1169338474025974,1.0,6.9,35.7,171.8,862.8,4217.3,16753.7,46473.9,68131.3,75,0.70380867,0.3500513,0.9553808,0.1103341,0.8787651,0.4196078,0.08523742,0.2013892,0.4589475,1042,-0.406695
127.jpg,0.36,113,7,0.8698459546820603,20,0.479328989982605,0.25450796,0.0522232055664062,1.0,7.7,26.6,92.7,369.9,1583.4,6485.5,23235.2,39131.7,10,0.6189636,0.2624165,0.9734238,0.1234649,0.9014869,0.454902,0.03211721,0.1768112,0.2607233,471,-0.789149
128.jpg,0.5,126,12,0.8758845473067702,33,0.520086944103241,0.23059502,0.0260140236090775,1.0,7.9,33.1,122.7,503.6,2100.5,8444.0,27839.7,43470.2,10,0.6738076,0.1266467,0.9782731,0.1573336,0.9616603,0.3843137,0.0257395,0.1197164,0.6689539,635,-0.414867
129.jpg,0.56,255,20,0.8337958672696074,50,0.674615740776062,0.37246895,0.0783680682650073,1.0,8.0,35.7,172.1,861.1,3990.7,15037.0,41489.5,60833.5,10,0.6989659,0.2233149,0.9609936,0.154794,0.9237627,0.4098039,0.05544816,0.170755,0.3799107,1068,-0.526494
130.jpg,0.39,148,15,0.8654022988189308,21,0.4776602387428283,0.2670772,0.0315645589311859,1.0,7.6,22.8,79.3,298.8,1256.3,5073.5,16278.3,26961.5,45,0.6603638,0.1681835,0.9853105,0.1155744,0.9392188,0.4058824,0.02995173,0.1321872,0.1482133,361,-0.285779
131.jpg,0.23,80,8,0.8525872950998111,27,0.4566312432289123,0.33622858,0.05438232421875,1.0,7.7,26.1,83.9,322.6,1292.2,5416.9,20193.2,35272.6,15,0.7782808,0.176696,0.9660453,0.1400585,0.9184923,0.4190601,0.07303365,0.1680171,0.2625688,390,0.0196086
132.jpg,0.68,219,19,0.7847546306920993,61,0.6174296140670776,0.50760174,0.1167317708333333,1.0,8.0,35.4,162.3,761.9,3908.1,18214.4,59288.6,83175.9,65,0.78657484,0.5333855,0.9107112,0.0859944,0.8456336,0.458159,0.1120313,0.2214388,0.4566503,909,-0.86654
133.jpg,0.45,102,7,0.8304875250063247,45,0.5600495934486389,0.36002472,0.0943648197291361,1.0,8.0,40.5,192.6,950.4,4210.1,14947.9,37524.2,51764.0,65,0.7190682,0.354916,0.9685558,0.1629142,0.9089869,0.4411765,0.06496214,0.1686503,0.4208748,1226,-1.02062
134.jpg,0.63,157,13,0.8083136675492674,55,0.5790590047836304,0.4158867,0.0797104779411764,1.0,8.0,46.4,258.1,1457.5,7317.6,26472.8,60901.1,77576.5,45,0.823764,0.3944876,0.9141046,0.1411921,0.882936,0.4256757,0.09429491,0.1979353,0.5835431,1839,-0.72978
135.jpg,0.79,205,14,0.8355520832654783,37,0.7033869028091431,0.37027156,0.1234893798828125,1.0,8.0,30.4,136.6,613.9,2742.2,10710.8,33405.1,53206.3,45,0.63043815,0.3665709,0.9238045,0.1404727,0.8798233,0.4503917,0.07029724,0.1828512,0.2200649,761,-0.932937
136.jpg,0.37,65,11,0.8865123303832322,16,0.4734987020492553,0.25002655,0.0306981404622395,1.0,7.9,31.2,129.8,535.0,2289.7,8985.3,28247.6,44578.2,75,0.6575243,0.1727204,0.9527283,0.2024903,0.9346449,0.454902,0.04775747,0.1559753,0.331155,700,-0.217897
137.jpg,0.36,139,10,0.8621080259993557,31,0.5316858887672424,0.30877218,0.049085491398243,1.0,8.0,30.2,94.0,358.1,1496.1,6198.8,21049.8,35926.7,75,0.79805857,0.1672115,0.9444482,0.1771308,0.9272995,0.3867647,0.0615506,0.1486253,0.2187867,441,-0.888188
138.jpg,0.44,305,7,0.8388669148142545,30,0.5120999813079834,0.33409777,0.0621317254551365,1.0,7.9,22.1,71.6,264.6,1096.0,4568.5,16776.9,30119.6,15,0.6772061,0.3653282,0.9667608,0.09866793,0.8824338,0.4530026,0.05872074,0.1730916,0.1474316,317,-0.611556
139.jpg,0.44,85,6,0.7610288473406267,41,0.5761452317237854,0.57783073,0.1989281210592686,1.0,8.0,26.9,115.4,530.2,2761.9,13557.6,48283.8,71010.8,15,0.67599756,1.083532,0.826614,0.07649464,0.7644289,0.4722222,0.1685277,0.287232,0.2409885,649,-0.377804
140.jpg,0.62,161,9,0.8018791450863239,36,0.6490612030029297,0.42987975,0.1055116443997071,1.0,8.0,30.2,119.0,541.3,2357.1,8933.9,27207.6,41732.3,10,0.7125228,0.5795827,0.9510274,0.1850285,0.8949571,0.4529412,0.06277452,0.1870577,0.1526903,703,-1.06947
141.jpg,0.52,151,17,0.8077023709414582,60,0.544645369052887,0.43029672,0.050646112108355,1.0,5.0,25.7,130.5,657.4,3251.0,13228.5,39841.9,60185.4,10,0.7339903,0.3141033,0.9718418,0.1116392,0.9139289,0.4294118,0.05019735,0.166784,0.4383337,805,-2.19489
142.jpg,0.43,95,9,0.8685054823686644,15,0.5091878175735474,0.25246662,0.0382696721971649,1.0,8.0,22.9,65.7,268.6,1126.1,4818.5,16803.6,27206.7,65,0.64426064,0.2565776,0.9765165,0.192356,0.9067617,0.4666667,0.06947689,0.1449037,0.0799356,345,0.0155699
143.jpg,0.49,197,8,0.7500829225193192,50,0.5872769951820374,0.58497894,0.1309766196925329,1.0,8.0,35.9,168.4,875.5,4573.0,21388.7,70695.2,98261.4,35,0.7059719,0.7841656,0.8930082,0.05760472,0.7788141,0.4588235,0.1673167,0.2891731,0.2849056,1091,-0.382004
144.jpg,0.29,104,5,0.8833984570124663,12,0.4403558373451233,0.21910152,0.0178375244140625,1.0,6.4,20.4,77.1,300.6,1270.5,5227.5,18419.2,30930.1,75,0.6954355,0.1420128,0.9883516,0.1612362,0.9393614,0.4078431,0.01887766,0.1255925,0.3049145,357,-0.87108
145.jpg,0.3,151,6,0.8186860828683047,29,0.5089373588562012,0.3882395,0.0856297810872395,1.0,8.0,25.1,89.3,404.8,1875.2,8372.0,30262.8,47827.7,25,0.6490951,0.4593129,0.9549858,0.08172477,0.8504752,0.4627451,0.1085256,0.2085097,0.1507636,500,0.0487757
146.jpg,0.76,222,36,0.7924538810583018,66,0.6960483193397522,0.49037412,0.1074142456054687,1.0,8.0,37.1,167.2,803.6,3774.9,14946.5,43168.2,63801.6,65,0.68120074,0.2996532,0.9742858,0.1248774,0.9035509,0.4137255,0.07885233,0.1785846,0.2110775,987,-1.25544
147.jpg,0.24,199,2,0.8121405440532797,62,0.5589806437492371,0.41625723,0.0942189787701317,1.0,7.9,31.9,137.8,678.2,3638.0,18222.8,63109.7,89161.2,15,0.75429624,0.1865893,0.9675662,0.1089108,0.9104832,0.3764706,0.1065411,0.1894121,0.4666522,806,-0.744828
148.jpg,0.0,204,1,0.798054406693407,2,0.3282006680965423,0.6199291,0.239557122564935,1.0,4.0,12.6,43.0,156.6,620.7,2699.2,11282.2,24652.0,10,0.78887236,1.385916,0.5812843,0.06236056,0.6428716,0.4862745,0.3064681,0.3888427,0.2213089,204,2.27996
149.jpg,0.26,71,4,0.8169652730696354,34,0.4861423969268799,0.39560598,0.0930283026485788,1.0,8.0,28.4,113.8,468.1,2047.1,8225.6,28594.2,48301.8,45,0.7587141,0.4274286,0.9183614,0.1054029,0.8545494,0.4588235,0.0547304,0.2155268,0.2994612,574,-1.01346
150.jpg,0.12,139,2,0.8898330335704187,3,0.3336607217788696,0.2034494,0.0353368123372395,1.0,4.7,9.6,28.5,93.5,336.4,1433.6,6100.1,12031.2,75,0.7287476,0.2285615,0.7982766,0.3388439,0.9130352,0.4745098,0.06635538,0.1605131,0.1325389,123,1.87284
151.jpg,0.33,104,18,0.886457676161665,27,0.5202171802520752,0.2076888,0.0212288621159563,1.0,7.8,37.9,151.1,601.8,2435.6,8731.1,24790.5,37799.9,65,0.7603558,0.1335546,0.9843239,0.1267498,0.948918,0.4313726,0.03165456,0.1222532,0.2943656,763,-0.916648
152.jpg,0.28,145,4,0.8774671746114385,20,0.5057351589202881,0.24782144,0.0485483805338541,1.0,6.7,21.1,74.6,276.3,1139.7,4792.8,17561.6,30547.5,30,0.71186924,0.2130129,0.954609,0.1821088,0.9180669,0.4176471,0.05703735,0.1225611,0.3402766,343,0.434003
153.jpg,0.35,93,7,0.8654638920722743,5,0.4824962317943573,0.29143107,0.0603483072916666,1.0,7.9,21.8,56.3,203.8,841.2,3670.4,13933.9,22964.9,65,0.6607307,0.1938641,0.980732,0.1357616,0.9326575,0.4058577,0.05501953,0.1171734,0.09769628,239,-0.30882
154.jpg,0.47,145,5,0.8394580117548406,61,0.5597397685050964,0.3220608,0.0867228296344647,1.0,7.7,37.9,179.4,875.3,4173.5,15881.5,44996.2,65494.7,75,0.8132316,0.2118255,0.9796774,0.1319151,0.918394,0.3874345,0.04285146,0.157615,0.4755098,1083,-0.901838
155.jpg,0.44,133,45,0.8389277494473267,42,0.5821435451507568,0.35009935,0.0457752560143042,1.0,7.9,31.7,138.5,607.3,2768.9,11385.9,35202.5,51789.0,15,0.68990105,0.2495193,0.9748958,0.1071655,0.922797,0.4313726,0.06316797,0.1569129,0.3468262,736,-1.99928
156.jpg,0.44,135,10,0.8215398394126354,50,0.5142078995704651,0.34873933,0.0704140929778933,1.0,7.6,32.4,150.4,777.7,4080.5,17296.2,47539.2,66478.7,15,0.7787984,0.2379739,0.9812548,0.1262551,0.9196637,0.3825065,0.0416963,0.1566233,0.5890799,892,-0.822117
157.jpg,0.11,18,2,0.937871482384305,4,0.3463886976242065,0.075321645,0.011242796377607,1.0,6.0,15.6,41.3,114.3,427.5,1734.7,6631.0,12077.4,35,0.79698974,0.02880752,0.9863561,0.2878973,0.9859453,0.4039216,0.01081187,0.06088133,0.09324963,128,0.484223
158.jpg,0.51,125,17,0.8532324768374786,10,0.5848760604858398,0.2743484,0.1313731001861042,1.0,7.8,22.6,71.8,286.8,1201.9,4939.6,17827.8,32281.9,35,0.7073659,0.4052868,0.8298012,0.3825637,0.8881566,0.4705882,0.04631281,0.1997591,0.1342586,382,-0.618048
159.jpg,0.19,86,10,0.8943835973909797,13,0.4399192333221435,0.19261178,0.0252989529009126,1.0,7.9,21.7,59.5,182.4,672.2,2601.0,9162.9,16827.6,15,0.7162174,0.1073913,0.9907559,0.1642268,0.9574702,0.4196078,0.02128321,0.1004361,0.07184618,228,-0.875925
160.jpg,0.63,168,16,0.8373076073521126,28,0.5283207297325134,0.35610005,0.0554824762079063,1.0,8.0,27.8,103.0,447.0,1898.6,7244.4,21980.4,33585.4,10,0.70253444,0.6940295,0.940415,0.1688057,0.8519832,0.4745098,0.1074104,0.1801727,0.1572606,607,-0.552621
161.jpg,0.65,160,17,0.7696818092495791,17,0.6141713261604309,0.50304353,0.1330750988142292,1.0,7.0,24.1,89.2,404.8,1894.1,8759.5,33384.0,54312.5,75,0.79481786,1.238326,0.87437,0.08265113,0.8100374,0.4761905,0.1242951,0.2571243,0.387201,500,-1.15793
162.jpg,0.45,143,7,0.769943828582827,48,0.5479976534843445,0.5711404,0.1593526204427083,1.0,8.0,41.6,190.5,891.1,3923.5,14697.8,49618.7,78678.8,45,0.74197966,0.8741699,0.8208637,0.06547631,0.7457144,0.4686275,0.1679688,0.3002947,0.4118053,1167,-0.0870073
163.jpg,0.82,227,27,0.788314192341086,43,0.6259260177612305,0.47341356,0.1207420159224011,1.0,8.0,35.8,174.3,841.5,3813.8,14581.5,42144.0,61690.4,75,0.68842494,0.4950274,0.9626737,0.1024054,0.8646953,0.4426471,0.09489385,0.2227983,0.2519793,1097,-1.05751
164.jpg,0.75,312,7,0.810388634158075,57,0.692755401134491,0.48095986,0.1174660326086956,1.0,8.0,43.0,188.1,888.3,4133.8,15971.1,45839.9,65546.7,75,0.7541877,0.3177844,0.9378135,0.1185476,0.8897231,0.3951049,0.08656929,0.1962149,0.3061447,1173,-0.716793
165.jpg,0.24,130,6,0.8519179540300996,27,0.4906559884548187,0.31218797,0.0411099926793557,1.0,7.9,31.2,115.5,458.5,1913.0,7063.6,19274.2,28454.2,75,0.74067575,0.2856775,0.9515377,0.1131622,0.8947338,0.4392157,0.04246259,0.1395965,0.4159572,567,-0.34228
166.jpg,0.16,59,5,0.8740155174709203,4,0.4493199586868286,0.23363918,0.0539954703513909,1.0,7.0,26.6,108.6,457.9,2039.9,8607.2,26327.8,41745.1,15,0.6385105,0.1886484,0.9802257,0.16108,0.9388214,0.4215686,0.03256257,0.1397071,0.35833,555,-0.193756
167.jpg,0.59,271,15,0.7875471731239486,68,0.6578055024147034,0.5188111,0.1150526889534883,1.0,8.0,40.3,185.2,873.8,3828.8,14021.0,40537.1,61930.0,65,0.71409774,0.3940638,0.9450616,0.08303396,0.8644891,0.4333333,0.1066522,0.2026464,0.3300951,1124,-1.51723
168.jpg,0.64,170,21,0.8156489128383786,57,0.5232610106468201,0.39328182,0.0737523320895522,1.0,6.0,23.5,93.3,414.8,1931.7,8635.4,30789.6,47949.4,45,0.7059363,0.2258558,0.961118,0.1309219,0.9206781,0.3895131,0.06868368,0.1690996,0.4506861,491,-1.0847
169.jpg,0.21,89,6,0.8454579736066578,32,0.3945183753967285,0.34909806,0.0732502773668639,1.0,6.2,17.3,48.8,139.3,537.2,2259.9,9427.0,19403.3,10,0.7904561,0.2224387,0.9628429,0.1056358,0.9051958,0.445098,0.07499769,0.1696098,0.1020711,172,0.179194
170.jpg,0.23,168,10,0.862749470959427,3,0.5018455982208252,0.26192322,0.0892959827093908,1.0,2.0,4.0,8.0,16.0,32.0,63.9,127.5,252.9,75,0.54068065,0.303598,0.978185,0.1824633,0.8917001,0.4627451,0.04508298,0.1506558,0.0,16,1.50948
171.jpg,0.49,166,15,0.7948465063776858,46,0.6025957465171814,0.49267086,0.1453062088213763,1.0,8.0,33.2,138.7,655.7,3209.3,14811.2,51545.3,76577.1,25,0.82313997,0.4074671,0.9329695,0.09046628,0.8493201,0.4372549,0.153968,0.2213055,0.3793001,820,-1.0226
172.jpg,0.66,216,19,0.8326711501015063,43,0.6614954471588135,0.37329245,0.0807386987554904,1.0,7.8,29.4,120.0,520.4,2320.0,9492.2,30467.6,47297.6,75,0.7056902,0.2976253,0.9499491,0.1100231,0.9035581,0.4352941,0.06510512,0.1606414,0.2199142,669,-0.660781
173.jpg,0.27,107,11,0.8596951768750211,37,0.4736608862876892,0.2832051,0.056922545513654,1.0,7.9,29.5,104.7,451.4,1955.3,7746.7,24497.8,38988.2,20,0.68460447,0.1775131,0.9816421,0.1911023,0.9444956,0.4117647,0.03843008,0.1340604,0.2668435,551,-0.0570607
174.jpg,0.29,62,3,0.7649812231241117,39,0.5423300862312317,0.54823816,0.1712344436310395,1.0,7.6,25.9,96.5,395.5,1814.2,8514.0,33118.5,54639.5,65,0.6258507,1.167038,0.82902,0.05510949,0.7326664,0.4784314,0.1621008,0.29221,0.4320946,487,-0.258592
175.jpg,0.32,170,30,0.8629354561723627,27,0.5338685512542725,0.25611085,0.043463465409956,1.0,7.7,29.8,112.9,415.6,1643.5,6733.2,24303.7,41212.6,10,0.7594444,0.1423633,0.9819611,0.1889282,0.9443588,0.4039216,0.03316309,0.1431024,0.2932103,546,-0.391244
176.jpg,0.33,174,5,0.8321564949645675,20,0.5148004293441772,0.36323708,0.0679561676427525,1.0,8.0,26.9,98.7,384.6,1582.9,6433.7,22243.1,37591.3,10,0.687547,0.3702097,0.9402676,0.09004653,0.8508984,0.4514706,0.08544278,0.2094181,0.117812,496,-0.441927
177.jpg,0.67,244,26,0.8260650766798722,44,0.6105940937995911,0.37874928,0.0707689091057441,1.0,7.9,29.4,129.0,540.8,2364.0,9807.2,33445.3,52911.5,10,0.66330737,0.2856056,0.96355,0.09938442,0.9075344,0.4333333,0.07065162,0.1678574,0.1976356,668,-0.807385
178.jpg,0.09,242,7,0.8532885392586406,12,0.4848953485488891,0.31504375,0.0703039211200585,1.0,7.9,25.4,94.7,370.0,1468.7,5629.4,18572.3,31308.4,25,0.67527807,0.2924332,0.9269889,0.1264315,0.874422,0.4568627,0.08479651,0.1933737,0.233802,479,-0.0769987
179.jpg,0.15,42,5,0.8717759114393321,25,0.3623661398887634,0.25337404,0.0197766556023316,1.0,2.0,4.0,8.0,16.0,31.9,63.8,127.3,254.6,10,0.4605314,0.2135582,0.9772343,0.1023963,0.9207305,0.4610389,0.03110832,0.1374052,0.0,16,1.51909
180.jpg,0.11,164,3,0.8585008617739787,11,0.4092877507209778,0.29058915,0.1074645329563182,1.0,7.9,25.8,83.1,325.1,1354.5,5732.7,20680.3,35290.3,65,0.6882619,0.3369094,0.9567596,0.1239128,0.875199,0.4498433,0.04314547,0.1906577,0.2229616,406,-2.0652
181.jpg,0.75,254,7,0.8405159408698087,38,0.5387579202651978,0.35574824,0.1103672292780748,1.0,8.0,29.3,118.9,533.6,2601.9,11852.8,38585.2,54280.9,75,0.7723632,0.2892648,0.9585988,0.1532061,0.8998641,0.4352941,0.08303393,0.1646892,0.2996099,643,-0.694622
182.jpg,0.1,51,0,0.8971941897905541,7,0.2545218169689178,0.15677081,0.012220713073005,1.0,7.3,20.0,54.6,176.3,683.9,2785.0,10167.8,18849.0,40,0.8820231,0.06343757,0.9893035,0.2634692,0.9722628,0.3771331,0.01273684,0.1256016,0.2944343,220,-0.0245525
183.jpg,0.45,177,7,0.8349982107404058,53,0.6197248101234436,0.3415659,0.055536809114202,1.0,7.9,30.0,123.9,538.5,2536.4,10534.5,32168.9,49182.2,20,0.79438424,0.1654314,0.9715571,0.1281626,0.9381286,0.4117647,0.05099286,0.1560546,0.2425193,665,-0.544499
184.jpg,0.86,286,68,0.7769990673011571,61,0.8136706948280334,0.521596,0.1037386758784773,1.0,8.0,35.5,173.6,818.5,3581.4,12900.7,38490.6,58759.9,35,0.65138245,0.5256999,0.9437226,0.0724851,0.8383597,0.4470588,0.1220975,0.2240765,0.2064353,1061,-0.999237
185.jpg,0.59,172,30,0.7659032513135066,56,0.6528216600418091,0.5297383,0.1616260980966325,1.0,8.0,40.8,210.7,1111.2,5606.7,22933.7,61060.8,82423.2,10,0.620242,0.5690982,0.9536399,0.09305647,0.8376256,0.4568627,0.1122232,0.2705379,0.2788328,1379,-1.76238
186.jpg,0.87,401,2,0.7341996087159025,57,0.7811002135276794,0.64007527,0.1934623215592972,1.0,8.0,28.7,125.8,574.7,2793.8,13145.8,49749.5,76989.4,15,0.7519086,1.195208,0.8684122,0.05714597,0.7502379,0.4705882,0.1770824,0.3105431,0.2329515,727,-0.390955
187.jpg,0.26,107,4,0.8806659483305449,18,0.4916073083877563,0.20717144,0.0521061197916666,1.0,6.4,20.1,68.4,250.7,934.9,3224.8,10104.7,16655.0,30,0.74060214,0.1284168,0.9762701,0.1839819,0.9497015,0.4351465,0.02564128,0.1268186,0.1042971,332,-1.18596
188.jpg,0.19,51,6,0.86720620914692,30,0.3837758600711822,0.2698457,0.0397917047950219,1.0,8.0,26.0,82.3,359.0,1686.9,7806.2,27374.0,41840.4,10,0.68383884,0.3130241,0.9201558,0.2457005,0.8902496,0.4647059,0.05706099,0.1797771,0.2768244,451,-0.784874
189.jpg,0.36,413,58,0.8254184530998007,76,0.5612174272537231,0.35377413,0.0529946010248901,1.0,8.0,38.6,203.7,1056.6,5471.6,24390.8,72555.0,98651.2,10,0.89620864,0.1556303,0.9661522,0.1457937,0.9342435,0.3823529,0.04858791,0.1765114,0.6267625,1216,-0.835831
190.jpg,0.81,257,17,0.81936350824922,37,0.6849550604820251,0.41269425,0.0905643759150805,1.0,8.0,31.7,125.4,517.4,2178.8,8249.7,24973.9,39107.5,45,0.6931391,0.3718383,0.966483,0.1057155,0.8816673,0.4470588,0.08917174,0.1905865,0.129517,676,-1.0803
191.jpg,0.45,142,14,0.8584656200320347,40,0.5469279885292053,0.2683669,0.0828983453171091,1.0,6.7,30.5,134.0,680.4,3221.6,12843.4,36416.2,52753.1,10,0.7989327,0.1497761,0.9750391,0.1848692,0.9402263,0.3823529,0.04022631,0.1446254,0.4853137,842,-1.12608
192.jpg,0.46,148,19,0.8627828296187804,25,0.5838615298271179,0.29445145,0.04353515625,1.0,6.8,26.1,94.6,387.6,1818.6,8130.3,27248.4,41886.0,30,0.6538147,0.2205366,0.9471502,0.1520432,0.918741,0.4414226,0.06673177,0.157219,0.264318,475,0.619588
193.jpg,0.4,75,6,0.8537532889446086,15,0.5150927305221558,0.30971736,0.1123386221042471,1.0,6.7,21.6,81.8,336.4,1641.0,8128.4,30898.0,51234.3,35,0.6864008,0.4683854,0.7820644,0.1836463,0.8496652,0.4806201,0.08127715,0.2097184,0.2524696,447,-1.35796
194.jpg,0.24,138,1,0.7798229755004589,31,0.5884919762611389,0.6390364,0.1970151594883419,1.0,8.0,35.2,157.5,773.7,3788.9,16797.7,57135.4,87190.2,45,0.74079436,1.021945,0.7510472,0.07461485,0.7309473,0.4764706,0.2172902,0.3197702,0.2878385,1014,-0.277095
195.jpg,0.19,126,4,0.8759874117259274,16,0.4214085638523102,0.26040712,0.068873919456641,1.0,5.0,13.4,53.3,214.2,866.6,3742.6,14832.4,28778.2,75,0.7512346,0.2140978,0.9393203,0.178247,0.9068686,0.4713656,0.03742882,0.1635115,0.2013108,253,0.833997
196.jpg,0.22,70,6,0.9222208872541516,16,0.3769141733646393,0.11466813,0.0335607751623376,1.0,5.6,21.8,92.0,399.3,1675.4,5680.2,12982.5,18183.7,75,0.7938979,0.05614914,0.9583678,0.3875331,0.976818,0.3645833,0.02786627,0.06939682,0.3648289,557,-0.194221
197.jpg,0.46,102,10,0.9061945977112732,18,0.500148355960846,0.1615929,0.0260298295454545,1.0,7.9,23.0,74.5,275.5,1142.9,4622.4,15901.7,26832.6,25,0.6701661,0.0952957,0.9719795,0.231668,0.9589468,0.4179688,0.02095424,0.1069619,0.2291104,326,-0.833335
198.jpg,0.32,71,6,0.8769157498126456,23,0.4211954474449157,0.24526931,0.017046234443631,1.0,8.0,42.1,188.9,860.2,3832.5,13904.2,38801.2,56047.3,25,0.87571245,0.1950099,0.967407,0.1566498,0.9123377,0.4161765,0.05028654,0.1687361,0.3571889,1078,0.0231136
199.jpg,0.67,180,8,0.779048291036236,52,0.6222041845321655,0.4849528,0.1487091645314787,1.0,8.0,34.6,157.7,743.1,3719.4,16427.9,51837.9,74703.4,15,0.6766082,0.7087181,0.897314,0.09389138,0.820722,0.4666667,0.1056861,0.2605377,0.4938448,960,-1.02718
